project,year,code_klloc_sum,effective_klloc_sum,code_klloc_median,effective_klloc_median,code_klloc_mean,effective_klloc_mean,issues_created,issues_fixed
archiva,2006,6754.656,6679.213000000001,7.882,7.882,8.118576923076922,8.027900240384616,75,34
archiva,2007,16790.718,16286.231,24.489,23.345,21.919997389033945,21.26139817232376,277,143
archiva,2008,19290.535,19254.034,33.539,33.539,33.72471153846154,33.6608986013986,250,103
archiva,2009,4763.892000000001,4506.226000000001,35.4775,33.894999999999996,33.54853521126761,31.733985915492962,160,3
archiva,2010,6835.531000000001,6826.228999999999,29.566,29.527,30.245712389380536,30.20455309734513,70,24
archiva,2011,44496.657,44415.678,40.718,40.718,39.2386746031746,39.16726455026455,36,24
archiva,2012,96184.332,94682.43900000001,44.332,43.812,44.426943187066975,43.733228175519635,79,37
archiva,2013,26255.701999999997,25822.917,45.046,45.001999999999995,45.90157692307692,45.14495979020979,43,19
archiva,2014,23768.29,23097.945,49.762,49.71,50.038505263157894,48.62725263157895,54,29
archiva,2015,5371.4839999999995,5364.659,50.987,50.922,51.15699047619047,51.091990476190475,28,7
archiva,2016,1897.0540000000003,1894.6490000000001,51.266,51.201,51.271729729729735,51.20672972972973,20,2
archiva,2017,7573.236000000001,7563.876,51.950500000000005,51.8855,52.59191666666667,52.526916666666665,17,2
calcite,2015,69934.076,69934.076,140.32999999999998,140.32999999999998,148.79590638297873,148.79590638297873,375,250
calcite,2016,90154.02,70197.611,199.442,148.674,198.57713656387665,154.62028854625552,335,224
calcite,2017,76549.376,68199.293,169.69299999999998,163.046,182.26041904761905,162.37926904761906,413,245
cayenne,2008,82300.024,0.0,120.773,,121.38646607669617,,107,57
cayenne,2009,64049.648,0.0,131.309,,132.607966873706,,95,62
cayenne,2010,53686.907,0.0,128.817,,129.05506490384616,,98,53
cayenne,2011,68348.136,54276.251,129.909,130.395,129.93942205323194,130.47175721153846,58,36
cayenne,2012,57093.698,57290.15000000001,132.187,132.658,132.16133796296296,132.61608796296298,69,50
cayenne,2013,50429.477,50460.11,131.68,132.151,131.66965274151437,131.74963446475195,48,34
cayenne,2014,32437.629999999997,32557.22,132.54649999999998,133.0385,132.94110655737703,133.43122950819674,37,12
cayenne,2015,19257.225,19361.816999999995,139.6275,140.402,139.54510869565217,140.3030217391304,28,6
cayenne,2016,12159.018,12221.028000000002,142.916,143.648,143.0472705882353,143.77680000000004,81,3
cayenne,2017,41027.311,41223.621,150.052,150.781,151.9530037037037,152.68007777777777,102,58
commons-bcel,2015,13027.053,10960.215,33.978,28.585,34.102232984293195,28.691662303664923,52,34
commons-bcel,2016,5657.718,4778.448,35.811,30.246,35.8083417721519,30.2433417721519,15,8
commons-bcel,2017,2377.3289999999997,2010.0389999999998,36.04,30.475,36.02013636363636,30.45513636363636,10,6
commons-beanutils,2007,1197.1519999999996,1135.8769999999997,10.363,9.626,10.232068376068373,9.708350427350425,18,21
commons-beanutils,2008,520.121,520.121,10.745,10.745,10.835854166666666,10.835854166666666,18,7
commons-beanutils,2009,599.7869999999999,599.7869999999999,11.323,11.323,11.316735849056602,11.316735849056602,30,11
commons-beanutils,2010,461.00699999999995,461.00699999999995,11.375,11.375,11.244073170731706,11.244073170731706,6,7
commons-beanutils,2011,54.400000000000006,54.400000000000006,10.88,10.88,10.88,10.88,12,0
commons-beanutils,2012,10.88,10.88,10.88,10.88,10.88,10.88,8,0
commons-beanutils,2013,1191.9270000000001,1191.9270000000001,11.151,11.151,11.139504672897198,11.139504672897198,19,6
commons-beanutils,2014,754.399,754.399,11.617,11.617,11.606138461538462,11.606138461538462,10,4
commons-beanutils,2015,46.56,46.56,11.64,11.64,11.64,11.64,7,1
commons-beanutils,2016,1105.878,1105.878,11.64,11.64,11.640821052631578,11.640821052631578,13,6
commons-beanutils,2017,442.8099999999999,442.8099999999999,11.644,11.644,11.652894736842102,11.652894736842102,3,1
commons-codec,2007,73.35899999999998,70.91399999999999,2.445,2.445,2.445299999999999,2.4453103448275857,3,1
commons-codec,2008,174.04299999999998,174.04299999999998,2.584,2.584,2.637015151515151,2.637015151515151,5,2
commons-codec,2009,379.8499999999999,379.8499999999999,2.9,2.9,2.8996183206106863,2.8996183206106863,10,8
commons-codec,2010,105.27900000000001,105.27900000000001,2.995,2.995,3.007971428571429,3.007971428571429,7,4
commons-codec,2011,1234.5339999999999,1234.5339999999999,3.581,3.581,3.8700125391849527,3.8700125391849527,14,14
commons-codec,2012,1301.8340000000003,1301.8340000000003,5.568,5.568,5.270582995951418,5.270582995951418,18,12
commons-codec,2013,787.1389999999999,787.1389999999999,5.781,5.781,5.787786764705881,5.787786764705881,4,2
commons-codec,2014,679.3929999999999,679.3929999999999,6.103,6.103,6.1762999999999995,6.1762999999999995,12,9
commons-codec,2015,237.47299999999996,237.47299999999996,6.596,6.596,6.596472222222221,6.596472222222221,4,2
commons-codec,2016,1181.7600000000002,1181.7600000000002,7.366,7.366,7.575384615384617,7.575384615384617,8,6
commons-codec,2017,801.734,801.734,8.109,8.109,8.098323232323233,8.098323232323233,6,7
commons-collections,2007,711.774,711.774,26.347,26.347,26.362,26.362,16,4
commons-collections,2008,1509.682,1509.682,26.49,26.49,26.48564912280702,26.48564912280702,7,12
commons-collections,2009,5064.629000000001,5064.629000000001,20.872,20.872,22.311140969163,22.311140969163,19,12
commons-collections,2010,2095.5070000000005,2095.5070000000005,21.551499999999997,21.551499999999997,21.382724489795923,21.382724489795923,11,4
commons-collections,2011,669.511,669.511,21.599,21.599,21.597129032258064,21.597129032258064,14,7
commons-collections,2012,4332.466,4332.466,21.953,21.953,23.168267379679147,23.168267379679147,31,22
commons-collections,2013,11713.473000000002,11713.473000000002,23.989,23.989,24.151490721649488,24.151490721649488,25,24
commons-collections,2014,1452.1859999999997,1452.1859999999997,25.335,25.335,25.037689655172407,25.037689655172407,19,10
commons-collections,2015,4184.695,4184.695,26.7085,26.7085,26.824967948717948,26.824967948717948,20,14
commons-collections,2016,654.849,654.849,28.533,28.533,28.471695652173914,28.471695652173914,10,2
commons-collections,2017,2198.0499999999993,2198.0499999999993,28.549,28.549,28.546103896103887,28.546103896103887,11,6
commons-compress,2010,1112.776,1112.776,8.192,8.192,8.122452554744527,8.122452554744527,14,17
commons-compress,2011,2220.6769999999997,2220.6769999999997,9.557,9.557,10.04831221719457,10.04831221719457,26,14
commons-compress,2012,1643.7620000000002,1643.7620000000002,11.976,11.976,11.99826277372263,11.99826277372263,26,16
commons-compress,2013,4385.419,4385.419,15.274,15.274,14.916391156462584,14.916391156462584,24,21
commons-compress,2014,3269.8509999999997,3269.8509999999997,17.521,17.521,17.579844086021502,17.579844086021502,26,24
commons-compress,2015,2840.5969999999998,2840.5969999999998,18.516,18.516,18.565993464052287,18.565993464052287,20,15
commons-compress,2016,5147.268,5147.268,19.468,19.468,19.721333333333334,19.721333333333334,25,21
commons-compress,2017,6826.950000000001,6826.950000000001,22.384,22.384,22.093689320388354,22.093689320388354,26,19
commons-configuration,2007,2936.325,2597.881,15.2405,15.157,15.13569587628866,15.103959302325581,40,34
commons-configuration,2008,1549.8980000000001,1539.8539999999996,15.946,15.838,16.66556989247312,16.557569892473115,33,25
commons-configuration,2009,1326.251,1318.7990000000002,19.472,19.364,19.221028985507246,19.11302898550725,25,13
commons-configuration,2010,1230.7170000000006,1224.1289999999995,20.172,20.064,20.17568852459017,20.067688524590157,24,13
commons-configuration,2011,6192.142,6177.8859999999995,18.694,18.694,19.29016199376947,19.2457507788162,28,12
commons-configuration,2012,3641.286,3641.286,19.139,19.139,19.897737704918033,19.897737704918033,27,15
commons-configuration,2013,9027.134999999998,9027.134999999998,22.219,22.219,22.179692874692872,22.179692874692872,22,10
commons-configuration,2014,10065.849,10065.849,26.39,26.39,26.00994573643411,26.00994573643411,13,8
commons-configuration,2015,4216.0790000000015,4216.0790000000015,26.687,26.687,26.684044303797478,26.684044303797478,14,8
commons-configuration,2016,2970.951000000001,2970.951000000001,27.078,27.078,27.008645454545462,27.008645454545462,23,17
commons-configuration,2017,2697.1809999999996,2697.1809999999996,27.6535,27.6535,27.522255102040813,27.522255102040813,12,5
commons-dbcp,2007,613.0010000000001,365.9800000000001,7.266,7.105,7.045988505747127,7.0380769230769245,29,13
commons-dbcp,2008,207.60800000000003,201.22399999999996,7.417,7.189,7.4145714285714295,7.186571428571427,19,7
commons-dbcp,2009,2470.2889999999998,2412.6050000000005,9.984,9.756,9.763988142292488,9.535988142292492,21,21
commons-dbcp,2010,985.2339999999998,962.662,10.119,9.891,9.951858585858584,9.723858585858586,29,9
commons-dbcp,2011,1163.3600000000001,1139.9799999999998,10.2195,10.0195,10.204912280701755,9.999824561403507,17,7
commons-dbcp,2012,184.317,180.71699999999998,10.241,10.041,10.239833333333333,10.039833333333332,14,1
commons-dbcp,2013,1157.226,1134.738,10.371,10.168,10.332375,10.131589285714286,10,5
commons-dbcp,2014,2671.7079999999996,2621.71,11.095,10.892,10.860601626016258,10.657357723577237,16,25
commons-dbcp,2015,1140.001,1119.6589999999999,11.441,11.238,11.40001,11.196589999999999,17,13
commons-dbcp,2016,562.6919999999999,552.745,11.472,11.269,11.48351020408163,11.280510204081633,17,10
commons-dbcp,2017,365.75999999999993,359.4670000000001,11.799,11.596,11.798709677419353,11.595709677419357,2,0
commons-digester,2008,653.9029999999997,515.1080000000001,6.891,5.43,6.883189473684207,5.422189473684211,8,5
commons-digester,2009,48.272,38.045,6.896,5.435,6.896,5.4350000000000005,3,0
commons-digester,2010,888.3770000000001,726.206,8.193,6.732,8.003396396396397,6.542396396396397,5,0
commons-digester,2011,2976.9309999999996,2418.956,11.591,9.4,11.674239215686272,9.486101960784314,8,9
commons-digester,2012,1024.4009999999998,948.5239999999999,12.163,12.163,12.195249999999998,12.006632911392403,10,10
commons-digester,2013,169.75799999999998,169.75799999999998,12.119,12.119,12.125571428571428,12.125571428571428,2,1
commons-digester,2014,36.426,36.426,12.142,12.142,12.142000000000001,12.142000000000001,1,0
commons-digester,2015,24.284,24.284,12.142,12.142,12.142,12.142,2,0
commons-digester,2016,60.709999999999994,60.709999999999994,12.142,12.142,12.142,12.142,1,0
commons-digester,2017,169.94500000000002,169.94500000000002,12.142,12.142,12.138928571428574,12.138928571428574,0,0
commons-imaging,2013,7725.921,7725.921,32.628,32.628,32.32602928870293,32.32602928870293,16,12
commons-imaging,2014,2398.293999999999,2398.293999999999,30.745,30.745,30.74735897435896,30.74735897435896,15,5
commons-imaging,2015,2569.265,2569.265,31.103,31.103,30.955,30.955,14,4
commons-imaging,2016,3410.995,3410.995,31.355,31.355,31.293532110091743,31.293532110091743,16,9
commons-imaging,2017,1349.309,1349.309,31.373,31.373,31.379279069767442,31.379279069767442,8,3
commons-io,2007,403.153,403.153,4.523,4.523,4.529808988764045,4.529808988764045,14,6
commons-io,2008,730.5409999999999,730.5409999999999,5.284,5.284,5.451798507462686,5.451798507462686,13,10
commons-io,2009,178.40300000000002,178.40300000000002,6.644,6.644,6.6075185185185195,6.6075185185185195,17,3
commons-io,2010,1824.143,1824.143,7.25,7.25,7.325875502008032,7.325875502008032,14,27
commons-io,2011,765.8460000000001,765.8460000000001,8.086,8.086,8.061536842105264,8.061536842105264,15,8
commons-io,2012,2461.09,2461.09,8.677,8.677,8.69643109540636,8.69643109540636,29,24
commons-io,2013,1243.114,1243.114,9.017,9.017,9.008072463768116,9.008072463768116,24,17
commons-io,2014,519.8319999999999,519.8319999999999,9.229,9.229,9.282714285714283,9.282714285714283,21,5
commons-io,2015,1217.9969999999998,1217.9969999999998,9.68,9.68,9.666642857142856,9.666642857142856,18,6
commons-io,2016,700.6009999999999,700.6009999999999,9.838,9.838,9.867619718309857,9.867619718309857,16,6
commons-io,2017,510.156,510.156,9.984,9.984,10.003058823529411,10.003058823529411,22,4
commons-jcs,2005,4890.618,0.0,24.6575,,24.453090000000003,,0,1
commons-jcs,2006,3978.238,0.0,25.697,,25.832714285714285,,10,7
commons-jcs,2007,802.7629999999999,0.0,28.684,,28.67010714285714,,17,5
commons-jcs,2008,2204.648,0.0,30.2425,,30.620111111111115,,6,5
commons-jcs,2009,1745.0779999999997,0.0,33.84,,34.21721568627451,,10,5
commons-jcs,2011,1740.749,1264.243,35.507,28.024,35.52548979591837,28.094288888888887,2,6
commons-jcs,2012,1108.5179999999998,878.7769999999998,35.768,28.357,35.75864516129032,28.347645161290316,12,5
commons-jcs,2013,1185.2649999999999,940.702,35.824,28.413,35.91712121212121,28.50612121212121,5,6
commons-jcs,2014,11291.999,9032.439999999999,38.829,30.882,38.5392457337884,30.82744027303754,15,10
commons-jcs,2015,3697.849,2976.3099999999995,40.52,32.591,40.6357032967033,32.70670329670329,14,14
commons-jcs,2016,3884.4269999999997,3115.3140000000003,40.181,32.252,40.045639175257726,32.11663917525774,11,10
commons-jcs,2017,1571.036,1253.8760000000002,39.207,31.278,39.2759,31.346900000000005,13,7
commons-jexl,2007,259.43800000000005,31.468,7.576,7.867,7.630529411764707,7.867,4,1
commons-jexl,2008,135.127,134.141,7.925,7.867,7.94864705882353,7.890647058823529,6,0
commons-jexl,2009,630.928,624.813,5.0905000000000005,5.05,5.171540983606557,5.1214180327868855,14,1
commons-jexl,2010,664.1380000000001,644.74,5.465,5.306,5.443754098360657,5.284754098360656,7,6
commons-jexl,2011,859.1240000000001,840.6800000000001,6.844,6.685,6.818444444444445,6.672063492063493,7,5
commons-jexl,2012,330.3380000000001,330.3380000000001,8.381,8.381,8.47020512820513,8.47020512820513,11,6
commons-jexl,2013,79.062,79.062,8.757,8.757,8.784666666666666,8.784666666666666,2,4
commons-jexl,2014,55.787,55.787,9.4235,9.4235,9.297833333333333,9.297833333333333,3,2
commons-jexl,2015,1041.77,1041.77,10.913,10.913,10.522929292929293,10.522929292929293,21,11
commons-jexl,2016,691.4250000000001,691.4250000000001,11.264,11.264,11.152016129032258,11.152016129032258,19,17
commons-jexl,2017,928.3139999999999,928.3139999999999,11.418,11.418,11.460666666666665,11.460666666666665,10,6
commons-lang,2003,6010.931,0.0,11.814,,11.649091085271317,,64,2
commons-lang,2004,3632.6149999999993,0.0,13.546,,13.504144981412637,,36,0
commons-lang,2005,4232.7970000000005,0.0,15.379999999999999,,15.56175367647059,,33,1
commons-lang,2006,4016.9550000000004,576.1219999999998,17.507,16.955,17.465021739130435,16.94476470588235,32,22
commons-lang,2007,3361.804,3209.8419999999996,17.796,16.979,18.074215053763442,17.25721505376344,32,19
commons-lang,2008,2771.1039999999994,2652.639,18.968,18.151,19.111062068965513,18.29406206896552,32,18
commons-lang,2009,7214.169,6891.454,18.199,17.382,18.263718987341772,17.44671898734177,23,20
commons-lang,2010,6192.442999999999,5871.2080000000005,18.57,17.753,18.708287009063444,17.900024390243903,39,27
commons-lang,2011,12445.385999999999,12432.313999999998,18.973,18.9675,19.20584259259259,19.18566975308642,43,36
commons-lang,2012,4277.863000000001,4277.863000000001,20.399,20.399,20.66600483091788,20.66600483091788,39,24
commons-lang,2013,5327.361999999999,5327.361999999999,22.326,22.326,22.10523651452282,22.10523651452282,32,19
commons-lang,2014,8816.369,8816.369,23.5,23.5,23.323727513227514,23.323727513227514,56,33
commons-lang,2015,4606.033000000001,4606.033000000001,24.277,24.277,24.500175531914902,24.500175531914902,51,23
commons-lang,2016,5206.557000000001,5206.557000000001,26.5885,26.5885,26.564066326530615,26.564066326530615,49,20
commons-lang,2017,5236.592000000001,5236.592000000001,27.268,27.268,27.27391666666667,27.27391666666667,32,14
commons-math,2007,4613.96,2753.474,24.137,15.38,24.673582887700533,14.803623655913979,5,3
commons-math,2008,6335.935,4263.029,25.367,16.485,26.961425531914895,18.140548936170216,23,16
commons-math,2009,27941.16,21585.44,46.841,36.137,44.705856,34.536704,47,40
commons-math,2010,19914.376,18519.150999999998,45.951499999999996,42.039,45.675174311926604,42.47511697247706,67,50
commons-math,2011,53461.56,53325.56,52.195,52.059,53.46156,53.325559999999996,108,80
commons-math,2012,65930.04000000001,65908.28,64.705,64.705,66.39480362537765,66.37289023162135,69,56
commons-math,2013,43427.632000000005,43343.856,82.602,82.602,82.87716030534352,82.71728244274809,56,51
commons-math,2014,32104.203999999998,31444.117000000002,92.674,90.702,92.78671676300577,90.87895086705203,61,45
commons-math,2015,30816.297,29863.057,87.773,84.651,89.06444219653179,86.3094132947977,66,47
commons-math,2016,17447.535000000007,16816.763999999996,91.842,88.557,91.82913157894741,88.50928421052629,30,7
commons-math,2017,7646.352,7358.637999999999,91.444,88.019,91.02799999999999,87.60283333333332,20,5
commons-net,2009,99.06299999999999,92.399,14.151,13.199,14.151857142857141,13.199857142857143,32,2
commons-net,2010,976.3299999999999,954.434,14.774,14.774,14.572089552238804,14.245283582089552,29,6
commons-net,2011,7125.446,7125.446,16.133,16.133,16.418078341013825,16.418078341013825,50,38
commons-net,2012,3116.246,3116.246,18.007,18.007,18.012982658959537,18.012982658959537,40,25
commons-net,2013,1645.527,1645.527,18.442,18.442,18.489067415730336,18.489067415730336,23,15
commons-net,2014,2861.7070000000003,2861.7070000000003,19.115,19.115,19.07804666666667,19.07804666666667,29,12
commons-net,2015,1898.963,1898.963,19.519,19.519,19.576938144329898,19.576938144329898,16,8
commons-net,2016,1271.2649999999999,1271.2649999999999,19.884,19.884,19.863515624999998,19.863515624999998,16,4
commons-net,2017,1748.427,1748.427,20.058,20.058,20.096862068965518,20.096862068965518,22,15
commons-rdf,2015,76.446,74.561,0.685,0.685,0.670578947368421,0.6540438596491228,3,1
commons-rdf,2016,174.781,165.781,2.797,2.651,3.0663333333333336,2.9084385964912283,4,3
commons-rdf,2017,259.433,245.59000000000003,5.208,4.929,5.18866,4.9118,10,4
commons-scxml,2006,1143.3760000000002,798.3220000000001,4.801,5.438,4.804100840336135,5.252118421052632,17,8
commons-scxml,2007,815.1600000000001,805.9200000000001,6.893,6.816,6.793000000000001,6.716,18,9
commons-scxml,2008,788.6159999999998,780.146,7.132,7.055,7.169236363636362,7.0922363636363634,25,17
commons-scxml,2009,169.84499999999994,168.07399999999993,7.396,7.319,7.384565217391302,7.307565217391301,5,4
commons-scxml,2010,118.528,117.296,7.408,7.331,7.408,7.331,3,0
commons-scxml,2011,74.08,73.31,7.408,7.331,7.4079999999999995,7.331,2,1
commons-scxml,2012,7.408,7.331,7.408,7.331,7.408,7.331,3,0
commons-scxml,2013,334.115,331.629,8.095,8.036,8.352875000000001,8.290725,4,7
commons-scxml,2014,1033.0810000000001,1038.9779999999998,8.5465,8.576,8.609008333333334,8.65815,12,9
commons-scxml,2015,324.81399999999996,329.084,9.326,9.448,9.280399999999998,9.4024,8,7
commons-scxml,2016,116.39700000000002,117.98300000000002,8.953,9.075,8.953615384615386,9.075615384615386,1,2
commons-scxml,2017,316.19100000000003,320.31499999999994,9.305,9.425999999999998,9.299735294117648,9.421029411764705,6,4
commons-validator,2007,549.9219999999999,522.4370000000001,5.142,5.171,5.139457943925233,4.975590476190478,8,5
commons-validator,2008,80.13,77.56500000000001,5.342,5.171,5.342,5.171000000000001,9,0
commons-validator,2009,10.684,10.342,5.342,5.171,5.342,5.171,6,0
commons-validator,2010,103.96900000000001,100.71999999999998,5.471,5.3,5.472052631578948,5.301052631578947,6,0
commons-validator,2011,302.47999999999996,293.075,5.518,5.347,5.4996363636363625,5.328636363636363,9,9
commons-validator,2012,389.54799999999994,377.57800000000003,5.579,5.408,5.564971428571428,5.393971428571429,7,0
commons-validator,2013,122.75599999999996,118.994,5.579,5.408,5.57981818181818,5.408818181818182,10,0
commons-validator,2014,603.9260000000002,586.4839999999998,5.978,5.807,5.920843137254903,5.7498431372549,15,6
commons-validator,2015,1199.3249999999998,1167.3690000000001,6.205,6.035,6.37938829787234,6.2094095744680855,28,32
commons-validator,2016,363.97300000000007,355.354,7.173,7.004,7.1367254901960795,6.967725490196078,16,7
commons-validator,2017,467.5690000000001,457.0909999999999,7.564,7.395,7.541435483870969,7.372435483870966,14,7
commons-vfs,2007,1356.4180000000001,1356.4180000000001,22.975,22.975,22.99013559322034,22.99013559322034,43,17
commons-vfs,2008,535.579,535.579,23.21,23.21,23.28604347826087,23.28604347826087,32,3
commons-vfs,2009,1716.6440000000002,1716.6440000000002,23.76,23.76,23.84227777777778,23.84227777777778,40,19
commons-vfs,2010,5028.333,5028.333,25.351,25.351,25.141665,25.141665,44,11
commons-vfs,2011,3929.279,3743.129,25.402,24.029,24.405459627329193,23.24924844720497,28,9
commons-vfs,2012,7620.659,7093.232,22.5625,21.002,22.546328402366864,20.98589349112426,29,26
commons-vfs,2013,3437.021,3211.401,23.723,22.167,23.703593103448277,22.147593103448276,35,12
commons-vfs,2014,1757.0040000000001,1641.8600000000001,23.727,22.171,23.7432972972973,22.1872972972973,28,14
commons-vfs,2015,2182.2239999999997,2039.646,23.955,22.382,23.980483516483513,22.41369230769231,26,16
commons-vfs,2016,1212.616,1134.116,24.253,22.683,24.25232,22.68232,23,3
commons-vfs,2017,3204.561,2906.349,24.171,22.601,22.253895833333335,20.46724647887324,10,5
eagle,2016,36993.462,36998.683000000005,71.816,71.968,65.35947349823321,65.36869787985867,270,149
eagle,2017,13063.755999999998,13130.889999999998,81.951,82.359,82.16198742138363,82.58421383647797,93,35
falcon,2014,11422.759999999998,9021.756000000001,29.961,22.032,27.132446555819474,21.429349168646084,362,229
falcon,2015,17955.234,12702.987000000001,38.886,27.261,41.46705311778291,29.337152424942264,361,224
falcon,2016,20342.171000000002,14769.323999999999,62.626,44.914,62.39929754601228,45.304674846625765,264,184
falcon,2017,3292.373000000001,2485.3830000000003,70.11,52.94,70.05048936170215,52.88048936170213,57,34
flume,2012,8909.477,8908.917000000001,18.913,18.913,21.730431707317074,21.72906585365854,459,211
flume,2013,7539.696,7539.696,37.242,37.242,37.325227722772276,37.325227722772276,245,122
flume,2014,5622.956,5577.665,41.717,41.363,41.651525925925924,41.316037037037034,185,78
flume,2015,3388.099,3332.9,45.154,43.514,45.17465333333334,44.43866666666667,154,45
flume,2016,4413.9490000000005,4417.579000000001,46.862,46.862,46.95690425531915,46.99552127659575,84,35
flume,2017,2752.955,2759.852,48.055,48.176,48.297456140350874,48.41845614035088,104,24
giraph,2013,9436.348,9436.348,34.898,34.898,36.293646153846154,36.293646153846154,196,117
giraph,2014,6390.309,6359.909000000001,52.478,52.478,52.81247107438017,52.56123140495868,78,51
giraph,2015,4269.597,3862.981,67.262,61.182,68.86446774193548,62.306145161290324,15,12
giraph,2016,6537.543,5832.574,80.165,71.098,78.765578313253,70.27197590361445,35,21
giraph,2017,2972.924,2579.797,82.6105,71.67750000000001,82.58122222222222,71.66102777777778,20,9
gora,2011,540.9259999999999,374.23600000000005,9.308,8.441,9.326310344827585,8.135565217391305,15,10
gora,2012,1548.79,1449.013,10.187,9.512,10.608150684931507,9.924746575342466,39,23
gora,2013,694.078,626.296,14.162500000000001,13.234,14.459958333333333,13.047833333333335,30,13
gora,2014,1407.995,1117.1739999999998,18.6245,14.5525,18.051217948717948,14.322743589743586,50,13
gora,2015,610.204,486.952,20.362,16.241,20.34013333333333,16.231733333333334,17,3
gora,2016,1164.065,987.609,22.691499999999998,19.5835,22.385865384615386,18.99248076923077,23,8
gora,2017,132.761,111.92499999999998,27.917,23.195,26.5522,22.384999999999998,9,1
helix,2012,17092.522,17039.829,39.172,38.5935,35.60942083333334,35.499643750000004,12,7
helix,2013,5321.405999999999,5315.813999999999,43.797,43.797,41.900834645669285,41.85680314960629,108,27
helix,2014,3642.434,3642.434,37.723,37.723,37.94202083333334,37.94202083333334,99,37
helix,2015,1335.609,1335.609,39.355,39.355,39.28261764705882,39.28261764705882,38,13
helix,2016,3330.3030000000003,3330.3030000000003,41.905,41.905,42.155734177215194,42.155734177215194,20,15
helix,2017,6287.048999999999,6287.048999999999,46.189,46.189,46.22830147058823,46.22830147058823,6,3
httpcomponents-client,2006,72.94699999999999,0.0,1.302,,1.257706896551724,,44,1
httpcomponents-client,2007,2974.419,1953.832,8.7225,8.052,7.910688829787234,8.278949152542374,59,12
httpcomponents-client,2008,3466.527,3106.7059999999997,11.944,10.839,12.120723776223777,10.86260839160839,44,25
httpcomponents-client,2009,3239.971,2885.2960000000003,14.402999999999999,12.707,14.46415625,12.880785714285716,50,23
httpcomponents-client,2010,6603.115000000001,5841.4490000000005,19.705,17.478,19.710791044776123,17.43716119402985,73,40
httpcomponents-client,2011,5985.521999999999,5341.9130000000005,22.8705,20.2865,23.752071428571426,21.19806746031746,72,25
httpcomponents-client,2012,7152.66,6634.159000000001,26.924500000000002,24.2875,28.38357142857143,26.32602777777778,89,48
httpcomponents-client,2013,9968.244999999999,9541.194,34.299,32.84,34.02131399317406,32.56380204778157,102,72
httpcomponents-client,2014,11541.898,11138.546000000002,36.899,35.614,36.875073482428114,35.586408945686905,98,39
httpcomponents-client,2015,4290.018,4124.984,25.825499999999998,24.6575,31.54425,30.330764705882356,89,32
httpcomponents-client,2016,2527.6,2413.5310000000004,25.438,24.285,25.53131313131313,24.379101010101014,62,15
httpcomponents-client,2017,5604.924000000001,5265.316,32.468,30.397,32.02813714285715,30.087519999999998,43,13
httpcomponents-core,2008,3863.469,3096.858,19.789,16.0015,19.512469696969696,15.64069696969697,28,22
httpcomponents-core,2009,4164.255,3292.8240000000005,20.724,16.275,20.71768656716418,16.382208955223884,15,12
httpcomponents-core,2010,3989.834999999999,2984.1169999999997,23.171,17.251,23.062630057803464,17.249231213872832,19,15
httpcomponents-core,2011,5757.065,4547.144,25.554,20.259,25.816434977578474,20.390780269058297,23,17
httpcomponents-core,2012,5669.130000000001,5036.348000000002,28.74,25.452,28.777309644670055,25.565218274111682,23,20
httpcomponents-core,2013,5600.8060000000005,5287.136000000001,29.618,27.974,29.63389417989418,27.974264550264557,24,16
httpcomponents-core,2014,5171.305,4886.29,32.307,30.625,30.599437869822488,28.912958579881657,7,5
httpcomponents-core,2015,3079.262999999999,2863.250999999999,24.563,22.848,24.634103999999994,22.90600799999999,13,6
httpcomponents-core,2016,4805.234,4560.17,33.253,32.0195,31.202818181818184,29.611493506493506,17,10
httpcomponents-core,2017,9290.193,8820.708999999999,36.837,34.985,37.31001204819277,35.42453413654618,28,8
jena,2013,253894.10400000002,238148.1,241.116,236.595,248.18582991202348,232.79384164222876,158,92
jena,2014,150328.653,147743.864,267.538,263.259,268.9242450805009,264.3002933810376,114,50
jena,2015,102315.489,100980.00600000001,293.22,290.126,293.1675902578797,289.3409914040115,141,26
jena,2016,18616.41,18409.172,295.32,292.218,295.49857142857144,292.20907936507933,100,6
jena,2017,39221.75800000002,38811.02700000002,303.872,300.4665,311.2837936507938,308.02402380952395,92,15
jspwiki,2009,26175.773,0.0,65.192,,64.95229032258065,,87,29
jspwiki,2010,8044.777,0.0,69.252,,69.35152586206897,,36,9
jspwiki,2011,1870.0450000000003,0.0,69.289,,69.26092592592593,,24,10
jspwiki,2012,7208.574999999999,0.0,60.658,,60.57626050420167,,22,13
jspwiki,2013,16226.380000000001,11723.372,42.232,42.214,47.03298550724638,41.86918571428571,16,15
jspwiki,2014,4187.496999999999,4187.496999999999,40.706,40.706,40.655310679611645,40.655310679611645,31,20
jspwiki,2015,5102.018000000001,5102.018000000001,41.143,41.143,41.14530645161291,41.14530645161291,32,20
jspwiki,2016,2148.1000000000004,2148.1000000000004,41.322,41.322,41.30961538461539,41.30961538461539,19,13
jspwiki,2017,3820.0860000000002,3820.0860000000002,41.307,41.307,41.522673913043484,41.522673913043484,18,12
knox,2013,4874.709,5262.919,18.349,19.745,16.63723208191126,17.962180887372014,102,54
knox,2014,4768.257,5022.437,25.557,26.941,25.914440217391302,27.295853260869563,139,82
knox,2015,4273.043000000001,4498.131000000001,32.017,33.875,31.652170370370374,33.3194888888889,92,59
knox,2016,6852.6320000000005,7237.38,35.7945,37.8245,35.69079166666667,37.6946875,132,80
knox,2017,6571.662,6899.975,40.36,42.379,40.31694478527608,42.331134969325156,174,65
kylin,2015,4096.587,4096.551,48.143,48.143,48.19514117647059,48.19471764705883,564,14
kylin,2016,115954.743,115954.743,83.654,83.654,83.84290889370934,83.84290889370934,581,197
kylin,2017,65719.428,65719.428,93.404,93.404,97.07448744460856,97.07448744460856,404,129
lens,2014,5829.719,5518.133,19.581,20.493,21.998939622641508,25.19695433789954,80,43
lens,2015,11065.523,11057.906,44.367,44.333,43.056509727626455,43.02687159533074,251,80
lens,2016,8939.309,8931.989,54.969,54.924,54.84238650306748,54.79747852760736,163,62
lens,2017,4693.097,4689.5869999999995,60.607,60.562,60.16791025641025,60.12291025641025,75,53
mahout,2009,21307.907,21307.439,27.379,27.379,34.42311308562197,34.42235702746365,30,22
mahout,2010,61360.240000000005,61004.257,70.921,70.587,71.0187962962963,70.60677893518518,124,93
mahout,2011,40772.132,40787.14200000001,75.96,75.96,76.78367608286251,76.81194350282487,139,103
mahout,2012,19894.421000000002,19928.374000000003,82.715,82.876,83.59000420168069,83.73266386554623,101,49
mahout,2013,34268.804000000004,34333.824,83.634,83.794,84.40592118226601,84.56606896551725,128,111
mahout,2014,18195.621,18231.606999999996,83.97,84.13,83.08502739726028,83.24934703196345,113,41
mahout,2015,6546.407000000003,6559.875000000002,82.783,82.952,82.8659113924051,83.03639240506331,39,12
mahout,2016,969.5239999999999,971.5519999999998,80.794,80.963,80.79366666666665,80.96266666666665,34,1
mahout,2017,7859.548999999998,7854.620999999999,81.006,80.968,81.02627835051544,80.97547422680411,60,17
manifoldcf,2011,55424.71000000001,27173.278,127.8485,90.404,127.12089449541286,89.38578289473683,107,89
manifoldcf,2012,47912.636999999995,35427.382,131.887,96.566,132.35535082872926,97.86569613259668,128,76
manifoldcf,2013,10857.202000000001,8400.37,167.97750000000002,129.9225,164.50306060606061,127.27833333333335,142,2
manifoldcf,2014,68483.32,56999.509,178.574,151.071,176.9594832041344,147.2855529715762,137,78
manifoldcf,2015,20544.237,17533.107000000004,183.449,156.89,183.4306875,156.54559821428575,81,38
manifoldcf,2017,39681.103,34080.592000000004,192.268,165.014,192.62671359223302,165.43976699029128,68,40
mina-sshd,2009,726.438,726.438,6.533,6.533,6.918457142857143,6.918457142857143,30,23
mina-sshd,2010,714.1700000000002,714.1700000000002,10.341999999999999,10.341999999999999,10.202428571428575,10.202428571428575,20,15
mina-sshd,2011,347.6649999999999,347.6649999999999,11.6345,11.6345,11.58883333333333,11.58883333333333,28,11
mina-sshd,2012,774.5040000000001,774.5040000000001,12.379,12.379,12.492000000000003,12.492000000000003,22,25
mina-sshd,2013,1621.8830000000003,1616.983,15.878,15.878,16.382656565656568,16.333161616161615,43,30
mina-sshd,2014,3623.942,3432.343,21.682,20.816499999999998,21.83097590361446,20.676765060240964,58,42
mina-sshd,2015,11312.512999999999,11272.41,37.388,37.388,35.686160883280756,35.55965299684542,67,47
mina-sshd,2016,13434.899,13434.899,53.733,53.733,53.52549402390438,53.52549402390438,41,24
mina-sshd,2017,7124.636,7124.636,60.866,60.866,60.89432478632479,60.89432478632479,27,21
nifi,2015,18978.796000000002,9082.708,148.128,150.793,138.53135766423358,151.37846666666667,512,30
nifi,2016,229923.468,229715.84,207.622,207.432,206.20938834080718,206.02317488789237,919,515
nifi,2017,243287.16600000003,243061.343,268.61,268.412,266.47006133625416,266.2227196056955,641,411
opennlp,2011,17158.016,0.0,29.229,,29.481127147766323,,90,62
opennlp,2012,8928.979000000001,0.0,34.157,,33.694260377358496,,49,27
opennlp,2013,2758.0009999999997,0.0,33.038,,34.04939506172839,,21,10
opennlp,2014,11539.109,1091.5290000000002,47.952,49.615,47.88012033195021,49.61495454545456,38,29
opennlp,2015,4447.820000000001,4447.820000000001,49.959,49.959,49.97550561797753,49.97550561797753,29,16
opennlp,2016,6891.540999999999,6890.817999999999,52.319,52.319,52.20864393939394,52.20316666666666,12,11
opennlp,2017,15977.226,15977.226,51.283,51.283,51.04545047923323,51.04545047923323,79,58
parquet-mr,2013,3329.5790000000006,3329.5790000000006,19.461,19.461,20.94074842767296,20.94074842767296,0,1
parquet-mr,2014,2431.8759999999997,2431.8759999999997,31.786,31.786,30.78324050632911,30.78324050632911,73,34
parquet-mr,2015,5807.798999999999,5807.456,36.179,36.179,36.07328571428571,36.07115527950311,151,78
parquet-mr,2016,3320.5690000000004,3301.477,41.849000000000004,41.591,41.507112500000005,41.2684625,153,46
parquet-mr,2017,988.8950000000001,983.2189999999999,43.1525,42.8945,44.94977272727273,44.69177272727273,182,9
pdfbox,2009,10130.502999999999,10130.502999999999,40.701,40.701,40.68475100401606,40.68475100401606,130,82
pdfbox,2010,20440.518,20368.757,61.058,61.058,56.62193351800554,56.57988055555556,234,110
pdfbox,2011,17502.844,17083.497000000003,82.862,76.268,76.09932173913045,74.27607391304349,197,94
pdfbox,2012,22613.832000000002,21639.102,90.003,89.959,91.55397570850204,87.60770040485829,215,97
pdfbox,2013,20999.072999999997,20999.072999999997,97.567,97.567,96.76992165898616,96.76992165898616,255,105
pdfbox,2014,152098.078,152098.078,101.368,101.368,101.46636290860575,101.46636290860575,574,371
pdfbox,2015,229116.364,229116.364,102.962,102.962,106.12152107457156,106.12152107457156,397,269
pdfbox,2016,91594.718,91594.718,117.489,117.489,117.42912564102564,117.42912564102564,339,180
pdfbox,2017,93331.29999999999,93331.29999999999,121.104,121.104,121.20948051948051,121.20948051948051,307,173
phoenix,2015,95050.594,64174.308000000005,173.312,117.947,171.88172513562387,116.0475732368897,571,268
phoenix,2016,122032.048,80569.633,215.281,142.983,211.1281107266436,139.3938287197232,669,325
phoenix,2017,119816.11299999998,78189.92,251.929,164.22750000000002,248.58114730290453,162.2197510373444,594,229
ranger,2015,46034.922000000006,45030.237,97.003,94.4135,94.33385655737706,92.27507581967214,424,172
ranger,2016,72376.088,72316.533,126.08250000000001,126.20750000000001,127.87294699646644,127.76772614840989,356,283
ranger,2017,76008.65100000001,76083.27600000001,127.12,127.245,127.31767336683419,127.44267336683419,458,351
roller,2006,42937.262,0.0,52.374,,52.42644932844933,,214,57
roller,2007,57419.623999999996,0.0,57.866,,60.69727695560253,,231,79
roller,2008,2930.328,0.0,54.180499999999995,,54.26533333333333,,93,18
roller,2009,1132.875,0.0,56.6345,,56.64375,,48,0
roller,2013,8787.112999999998,8558.797999999999,54.3455,53.974,54.91945624999998,53.492487499999996,16,9
roller,2014,11679.219000000001,11591.027999999998,49.307,48.938,48.86702510460251,48.498025104602505,26,18
roller,2015,956.557,949.177,47.829499999999996,47.460499999999996,47.82785,47.45885,27,9
santuario-java,2011,4772.523999999999,3839.135,29.714,23.829,29.643006211180122,23.845559006211182,22,11
santuario-java,2012,6697.141,6012.221,39.197,35.413,37.00077900552486,33.216690607734805,27,17
santuario-java,2013,4376.012000000001,3986.2599999999998,42.459,38.675,42.48555339805826,38.70155339805825,18,10
santuario-java,2014,5446.159,4958.022999999999,42.189,38.405,42.218286821705426,38.43428682170542,22,13
santuario-java,2015,4122.999000000001,3763.5190000000002,43.469,39.685,43.399989473684215,39.615989473684216,18,10
santuario-java,2016,2338.5999999999995,2194.9040000000005,43.728,39.946,42.51999999999999,39.907345454545464,18,9
santuario-java,2017,2832.933000000001,2832.933000000001,39.941,39.941,40.47047142857144,40.47047142857144,12,4
storm,2015,1050.247,1050.247,74.403,74.403,70.01646666666667,70.01646666666667,312,3
storm,2016,6742.217,6736.129000000001,156.3195,156.3195,160.5289761904762,160.38402380952382,411,6
storm,2017,2961.52,2950.105,197.303,196.542,197.43466666666666,196.67366666666666,312,1
streams,2013,18.852000000000004,15.668,0.581,0.258,0.5544705882352943,0.4608235294117647,3,1
streams,2014,950.83,915.8279999999997,10.741,10.741,11.186235294117647,10.774447058823526,84,0
streams,2015,910.2939999999999,893.932,24.685,24.309,24.602540540540538,24.160324324324325,33,8
streams,2016,1881.2109999999998,1874.0629999999999,25.628,25.628,25.770013698630134,25.672095890410958,19,14
streams,2017,2312.284,2312.284,27.883,27.883,27.527190476190476,27.527190476190476,16,12
struts,2007,25772.515,16276.521,33.7,21.572,33.73365837696335,21.304346858638745,479,166
struts,2008,13724.022,7696.167000000001,36.548500000000004,19.639,36.89253225806452,20.68862096774194,356,129
struts,2009,14679.320999999998,14645.775,42.584,42.584,49.09471906354514,48.98252508361204,275,69
struts,2010,13284.75,13183.307,101.923,101.158,101.41030534351145,100.63593129770993,129,28
struts,2011,23264.380999999998,23197.731,103.484,103.201,103.39724888888888,103.10102666666667,115,71
struts,2012,24376.828999999998,23525.658,104.9555,104.6625,105.07253879310343,101.40369827586207,127,75
struts,2013,33001.618,32909.289000000004,106.358,106.076,106.11452733118972,105.8176495176849,178,85
struts,2014,2367.2029999999995,2359.4370000000004,107.82849999999999,107.47550000000001,107.60013636363634,107.24713636363639,112,0
struts,2015,3140.4840000000004,3129.407999999999,101.299,100.941,101.30593548387098,100.94864516129029,78,2
struts,2016,11266.909,11264.001000000002,104.3115,104.3315,104.32323148148147,104.29630555555558,90,17
struts,2017,13963.93,13966.59,104.795,104.815,104.99195488721804,105.01195488721805,89,22
systemml,2017,196216.899,196216.899,178.826,178.826,178.54130937215652,178.54130937215652,269,217
tez,2014,39695.369,39642.762,64.07,64.07,61.44793962848297,61.366504643962855,628,290
tez,2015,58989.869999999995,58705.587,80.279,80.044,80.69749658002735,80.30860054719562,635,372
tez,2016,22815.962,22656.873,93.385,92.444,93.12637551020408,92.47703265306123,291,102
tez,2017,11827.214,11709.944,103.351,102.332,102.84533913043478,101.8256,214,71
tika,2008,877.2439999999999,877.2439999999999,4.455,4.455,5.381865030674846,5.381865030674846,13,8
tika,2009,3107.108,3097.1980000000003,10.27,10.27,9.531006134969326,9.50060736196319,69,51
tika,2010,5097.103,5097.103,14.907,14.907,14.731511560693642,14.731511560693642,103,56
tika,2011,11183.816,10997.871,25.247,24.771,23.948214132762313,23.550044967880083,142,92
tika,2012,9607.534000000001,9513.564000000002,30.372,29.776,30.40358860759494,30.106215189873424,127,63
tika,2013,4526.782999999999,4520.266,34.156,34.107,34.03596240601503,33.98696240601503,103,41
tika,2014,15132.209000000003,15112.413,37.298,37.249,37.455962871287134,37.40696287128713,141,67
tika,2015,22621.842000000004,22598.273,48.749,48.7,47.030856548856555,46.98185654885655,154,74
tika,2016,2868.7260000000006,2866.080000000001,52.982,52.933,53.12455555555557,53.075555555555574,224,7
tika,2017,2430.014,2428.348,71.68,71.631,71.471,71.422,150,2
wss4j,2005,3786.8250000000003,0.0,20.931,,20.92168508287293,,17,5
wss4j,2006,3962.0739999999996,0.0,29.216,,28.099815602836877,,27,9
wss4j,2007,970.3670000000001,679.8960000000001,18.489,13.178,18.660903846153847,13.33129411764706,17,4
wss4j,2008,2164.63,1452.2140000000002,21.737,14.341,21.431980198019804,14.378356435643566,36,40
wss4j,2009,3023.9600000000005,1831.105,23.549,14.031500000000001,23.624687500000004,14.3055078125,26,23
wss4j,2010,1540.299,1021.963,24.207,14.113,21.393041666666665,14.193930555555555,23,21
wss4j,2011,4707.043,4707.043,17.771,17.771,18.10401153846154,18.10401153846154,38,27
wss4j,2012,6438.548,6183.221,37.755,37.755,31.716985221674875,31.708825641025637,22,19
wss4j,2013,14773.729,14751.329,43.613,43.563,43.5803215339233,43.51424483775811,47,33
wss4j,2014,10740.351,10740.351,49.861999999999995,49.861999999999995,49.723847222222226,49.723847222222226,18,12
wss4j,2015,12919.319000000001,12919.319000000001,51.795,51.795,51.88481526104418,51.88481526104418,24,16
wss4j,2016,5657.459000000001,5657.459000000001,53.464,53.464,53.37225471698114,53.37225471698114,21,11
wss4j,2017,5958.745999999999,5958.731,55.291,55.291,55.17357407407407,55.173435185185184,10,11
zeppelin,2014,637.758,637.758,4.218500000000001,4.218500000000001,4.368205479452055,4.368205479452055,0,4
zeppelin,2015,9384.836,9352.724999999999,25.143,25.093,23.11535960591133,23.0362684729064,258,126
zeppelin,2016,43084.309,42391.206,47.7315,46.9585,44.69326659751037,43.97428008298755,642,324
zeppelin,2017,41961.259999999995,41194.968,63.023,61.866,62.72236173393123,61.57693273542601,668,261
